Nombre de la Ruta;Categoría;Tipo de Ruta;Longitud (km);Dificultad;Duración estimada;Localización;Apta para familias;Fuente
Infante Camino;Senderismo;ruta lineal con pasarelas;7,7;Moderada;3 h;Ardales/Álora;No;Distancia 7,7 km, ruta lineal, 3 h (aprox.), dificultad media-alta:contentReference[oaicite:0]{index=0}
Velázquez Camino;Parques Naturales;ruta lineal con puente colgante;8;Moderada;4 h;Canillas de Aceituno (Axarquía);Sí;Ruta lineal 7–11 km (según variantes), 4 h (ida y vuelta), dificultad Media-Alta:contentReference[oaicite:1]{index=1}
Goya Camino;Parques Naturales;ruta circular;3;Moderada;2 h;Antequera (El Torcal);Sí;Recorrido: 3 km (circular), duración ~2 h, terreno pedregoso, dificultad media:contentReference[oaicite:2]{index=2}
Machado Camino;Senderismo;ascenso de pico (ruta lineal);15;Difícil;6–7 h;Tolox (Sierra de las Nieves);No;Recorrido ~15 km (ida y vuelta), ∼1000 m desnivel, 6–7 horas, ruta exigente (pico Torrecilla):contentReference[oaicite:3]{index=3}
Cervantes Camino;Senderismo;ascenso de pico (ruta lineal);12;Difícil;5:30 h;Ojén/Marbella (Sierra Blanca);No;Tipo lineal, 12 km (ida/vuelta), 5,5 h, sin fuentes en ruta, dificultad medio-alta:contentReference[oaicite:4]{index=4}
Fernando Camino;Senderismo;ruta fluvial (cauce de río, lineal);16;Moderada;7 h;Nerja (Sierras de Tejeda);Sí;Distancia ~16 km (ida y vuelta) por el río, desnivel ±240 m, ~7 h de duración:contentReference[oaicite:5]{index=5}
Sorolla Camino;Accesible;pasarela sobre dunas (ruta circular);2,5;Fácil;1 h;Marbella (Dunas de Artola);Sí;Distancia ~2,5 km (circular), ruta fácil (48 min aprox.), pasarelas de madera sobre dunas:contentReference[oaicite:6]{index=6}
Bécquer Camino;Ciclismo;ruta circular llana;18,6;Fácil;2 h;Málaga (Desembocadura del Guadalhorce);Sí;Dificultad muy baja. Distancia: 18,61 km; Desnivel: 21 m; Duración: ~2 h (ruta familiar en bici):contentReference[oaicite:7]{index=7}
Zambrano Camino;Ciclismo;ruta circular;23;Moderada;2:30 h;Fuente de Piedra;Sí;Recorrido circular ~23 km con suaves pendientes; duración ~2,5 h (avistamiento de flamencos):contentReference[oaicite:8]{index=8}
Picasso Camino;Urbano;paseo cultural urbano;2;Fácil;2 h;Málaga (Centro histórico);Sí;Ruta que incluye Casa Natal, Iglesia de Santiago, Museo Picasso, etc., siguiendo los pasos de Picasso:contentReference[oaicite:9]{index=9}
Hemingway Camino;Senderismo;ruta senderista por garganta;4,6;Fácil;1:45 h;Ronda (Molinos del Tajo);Sí;Recorrido de ~4,6 km por el Tajo de Ronda, de dificultad baja (sendero de los Molinos):contentReference[oaicite:10]{index=10}
Gaudí Camino;Parques Naturales;ruta circular (bosque de pinsapos);4,2;Moderada;1:50 h;Yunquera (Sierra de las Nieves);Sí;Ruta circular 4,2 km entre pinsapos (1 h 50 min aprox.), dificultad media, muy frecuentada:contentReference[oaicite:11]{index=11}
Dalí Camino;Accesible;sendero adaptado junto a acequia;4;Fácil;1:15 h;Benahavís (Río Guadalmina);Sí;Sendero de ~4 km siguiendo la acequia del Guadalmina, acondicionado y apto para toda la familia:contentReference[oaicite:12]{index=12}
Cela Camino;Parques Naturales;ascenso de pico (ruta lineal);9;Moderada;3–4 h;Estepona (Los Reales de Sierra Bermeja);No;Ruta de 9,3 km (ida y vuelta) hasta los Reales (1.452 m), desnivel +567 m; dificultad moderada:contentReference[oaicite:13]{index=13}
Banderas Camino;Ciclismo;paseo litoral en bicicleta;34,5;Fácil;2:30 h;Málaga → Rincón de la Victoria;Sí;Ruta costera por paseos marítimos, ~34,5 km en total, prácticamente llana (2,5 h en bici aprox.):contentReference[oaicite:14]{index=14}
